{"stat.flyOneCm":3982,"stat.walkOneCm":5161,"stat.jump":1,"stat.playOneMinute":4509,"achievement.openInventory":7,"stat.useItem.gindu.oreSilver":1,"stat.useItem.minecraft.item_frame":5,"stat.leaveGame":1,"stat.sneakTime":11,"stat.useItem.gindu.oreAluminum":1,"stat.useItem.gindu.oreECerulean":1,"stat.crouchOneCm":75,"stat.useItem.gindu.oreTin":1,"stat.timeSinceDeath":4509,"stat.useItem.gindu.oreLead":1,"stat.sprintOneCm":222,"achievement.exploreAllBiomes":{"value":0,"progress":["Plains"]},"stat.useItem.gindu.oreEViridian":1,"stat.useItem.gindu.oreCopper":1}